저수지명,저수율
섬진,82.5
나주호,73.6
장성호,49.3
담양호,63.9
대아,36.3
예당(대흥),69.6
탑정,78.2
동화,47.2
하동,65.0
성주,55.3
경천,71.3
백곡,75.3
경천,50.4
덕동,90.6
이동,74.5
청천,75.1
청호,56.4
토교,97.4
고삼,87.1
불갑,50.8
광주호,77.4
오봉,82.7
맹동,74.8
초평(미호),91.3
옥구,76.1
금광,62.0
수양,70.2
기흥(신갈),77.8
동상,48.4
용림,56.4
동부,75.6
구이,60.4
흥덕,31.7
보문,66.5
원남,95.2
달창,63.6
묘곡,35.2
오태,68.0
궁,45.9
비룡,67.8
성곡,60.8
서부,83.0
가북,71.5
장남,50.1
고풍,74.4
대곡(오동),61.4
대동,44.6
능,66.2
금봉,53.5
수청,62.9
용당,92.9
궁평,87.5
오창,91.3
난정,78.7
마북,35.5
손항2,77.3
상판,60.6
덕용,74.5
반산,67.7
주남,64.9
용연,66.8
보청,61.3
장치,79.1
금계,85.6
금평,58.7
삼흥,73.1
사곡,66.2
황금,64.3
용암,76.2
군곡,65.7
내장,65.2
금전,79.3
덕곡,45.5
구성,77.5
하곡,18.2
칠갑,98.2
계산,43.5
계룡,59.3
마둔,53.6
복심,80.7
옥계,25.9
대가,67.6
가음,69.5
추평,64.0
원창,41.9
장찬,67.1
봉학,64.2
서상,82.2
백운,63.2
옥연,81.7
거창,63.2
잠곡,77.1
도고,75.8
양촌,39.3
오봉,80.4
고려,85.8
금풍,66.6
길정,72.2
은천,81.7
물야,77.3
광혜,69.1
죽전,74.2
오어,69.3
미룡,66.1
오봉,72.5
단산,89.9
백용,62.8
도림,68.8
동송,91.8
대가곡,91.9
지평,59.4
금사(장흥),84.4
만운,37.4
문경,71.0
율치,73.5
덕우,81.9
가혜,85.8
산명호,37.3
송림,54.9
입암,36.9
화장,80.3
용계,82.8
유계,59.9
가산,42.4
백산,70.9
종천,83.5
고수,36.3
신덕,81.7
고마,74.2
마지,62.4
산수,86.2
금석,84.5
대성,66.5
조성,38.5
신림,51.5
광암,60.1
옥종,65.7
의령,77.7
신송,78.2
공정,55.9
구룡,75.7
평암,61.7
지소(양악),75.1
웅양,65.4
석문,59.9
임고,59.6
매월,56.3
추동,75.8
심곡,34.7
효곡,50.7
임천,53.8
성암,73.2
용연,83.5
옥계,80.2
도원,100.0
금봉,66.8
용설,80.2
신대(운곡),99.9
대원,48.8
천장,83.3
오월,69.2
팔덕,77.2
죽계,75.5
방동,84.2
반계,78.9
삼기,80.7
용계,88.6
길용,42.9
무극,84.2
노촌,98.1
인정,89.2
가월,59.6
창평,56.5
화정,66.6
사천,78.6
연지,97.8
장계,74.5
중흥,88.0
송강,83.9
고구,89.9
운암,64.2
마장,92.0
청계,61.0
풍전,73.5
적누,62.8
하이,85.8
서산,74.3
옥녀,70.0
영천,78.8
마산,66.9
매화,51.5
수동,56.0
구시,59.2
영천(한천),74.1
궁유,78.9
서성,62.4
둔사,70.8
청기,52.5
봉성,94.2
정안,77.5
묵계,71.8
용산,43.2
오남,73.0
고시,88.8
오성,56.4
옥산,54.5
만봉,89.9
대화,82.4
상하,83.8
대정,58.2
순흥,67.5
내산,82.5
대룡,72.6
율현,91.9
운주,79.6
봉산,70.4
중산,83.3
왕동,54.0
월곡,87.9
화산곡,27.7
송산,32.5
생곡,99.7
문수,66.8
월남,86.4
구산,60.0
봉림,96.0
청하,38.1
청림,37.7
궁산,33.0
추풍령,60.4
월천,43.1
장현,100.0
도촌,30.9
기천,100.0
유탕,80.2
풍락,83.5
덕산,57.6
옥산,59.5
문천,65.0
연기,18.0
옥곡,85.0
사천,97.2
진례,84.4
구만,28.5
괴목,81.1
송면,56.6
왕송,95.1
단산,72.3
고현,78.9
소월,46.7
칠동,70.4
홍양,53.6
방산,80.2
성전,90.7
경천(양화),49.4
용화,60.2
철수,51.4
서암,58.3
장척,64.1
지천,68.0
갈평,50.4
송선,75.6
화매,57.1
용성,60.9
소수,76.3
왕궁,67.9
복안,66.2
대가,70.3
가회,52.5
산정,87.7
입석,82.8
천천(와룡),78.2
장연,54.4
오로,72.3
박달,79.1
대야,83.7
신동,78.2
툇골,81.4
외동,58.4
청도,70.3
개심,85.7
덕산,56.1
도암,99.5
해평,61.1
수송,59.8
당지,91.6
흥부,78.7
왕신,33.0
동면,64.8
사산,13.2
미산,61.3
용곡,80.8
삼산,88.2
내봉,74.1
성연,77.2
쌍봉,76.0
신창,84.4
부석,94.0
창내,53.1
천은,79.9
봉암,78.8
신양,60.7
유천,75.6
온암,66.5
백학,97.8
지정,47.0
백천,94.3
금오,62.3
부전,49.3
신원,55.0
남성,65.9
상신,90.7
감돈,78.3
풍암,96.5
농암,68.2
화산,90.2
명계,70.1
내지(금당),73.5
창림,69.1
개운,79.1
일로2,79.9
해원,65.2
대승,77.7
용곡,73.4
대룡,78.6
옥계,95.6
이평,75.0
애당,43.7
안심,47.7
초동,76.6
옥천,72.3
두량,50.3
청상,66.7
한계,76.5
덕촌,80.4
가곡,87.6
인흥,91.5
현남,94.6
조천,56.8
동해,59.1
화곡,90.2
고서,35.4
하빈,74.1
성곡,71.8
송단,66.3
신반월,70.5
용곡,39.9
신촌,72.1
수비,74.6
백마,85.8
방곡,74.4
축동,89.3
오산,69.5
잠홍,68.4
모점,85.3
봉암,48.8
원당,87.2
양오,87.1
공리,81.9
송백,58.4
백석,62.8
대비,78.9
대불(설천),81.6
가인(봉의),76.9
동명,84.5
천락,51.7
양지,77.6
복곡,71.4
우목,89.6
도갑,59.0
학,7.7
석남,64.1
원등,65.8
송석,76.9
영동,98.8
덕산,65.3
오동,48.3
회룡,61.8
도원,61.0
설악,90.5
효촌,88.4
추암,61.2
본의,79.3
운대1,99.9
무을,51.4
대포,71.4
백운,75.5
대사,77.7
인교,75.9
증광,64.1
좌운,91.6
요룡,75.7
성덕,76.5
순성,78.0
우치,77.5
주촌,71.3
옥서,65.9
지슬,59.4
대곡,83.9
고경,59.8
당월,43.0
산남,63.4
광곡,28.6
화산,90.2
봉재,99.0
인촌,61.4
길상2,96.8
무수,76.4
둔전,74.9
원암,99.7
소향,73.5
대곡,49.4
당전,98.7
도천,39.6
천태,81.1
매산,40.3
수룡,62.1
소성,77.6
대산,78.1
화곡,78.2
미륵(낭산),78.8
소태,51.0
개천,69.3
양화,100.0
고모,70.1
노동,65.5
여래미,77.6
기사,66.5
만수,29.2
대산,71.5
연화,36.1
적량,55.5
두창,71.7
석계,80.9
감동,69.4
칠성,42.3
홍소,27.0
삼화,61.3
갈천,39.3
청용,85.0
하도,60.6
상천,75.7
봉암,80.1
월산2,63.3
개운,70.1
흑석,25.8
향양,75.6
안심,82.1
풍년,82.4
월운,77.8
관산,77.2
반월,93.1
와룡,94.1
기산,92.8
용평,38.8
송정,85.6
금산,83.2
외구,48.7
궁촌,80.8
육동,64.7
노홍,61.6
지정,56.3
매현,66.8
대위,78.0
장산,38.7
충도,95.1
금화,65.0
쌍정,79.6
성양,76.3
대평,81.3
신항,80.5
덕암,82.9
용담,88.4
경포,100.0
구림,56.0
향호,94.1
장곡,89.8
중왕,12.3
남매,76.0
양덕,86.1
창수,67.8
덕가,69.0
상성,93.6
성송,50.8
사촌,43.5
흥업,95.5
청계,93.3
신휴,90.0
수장,48.4
송내,69.7
가천,89.3
월곡,90.2
굴운,78.0
옥실,44.0
송강,62.3
고남,82.7
천호,83.1
보통,88.7
홍동,72.6
판곡,70.9
돈답,78.8
솔기,64.1
국화,99.6
도천,88.6
소암,61.0
도곡,65.6
성읍,76.1
사방,78.9
풍도,62.1
용천,59.2
석포,47.7
황락,93.8
도리,95.3
담안,75.7
성내,89.6
호암,22.4
초대,70.9
오원,75.1
운천,34.0
연봉2,100.0
삼교,99.2
애룡,91.2
봉곡,75.1
동방,55.9
신흥,87.3
옥계,72.2
우금,82.1
화산,82.9
하점,65.7
이만(청풍),76.6
대지,45.7
월악,57.5
조연,91.3
장안,89.0
장계,81.8
갈곡,64.2
석우,64.1
백암,74.2
만대,99.4
용산,74.1
안룡,61.6
죽안,48.0
노류,68.0
화산,66.1
석문,76.7
명관,72.4
문산,83.5
봉양,64.3
언별,100.0
손곡,76.1
벽남,60.4
복성,83.1
이곡,86.9
성내,50.4
청계,43.0
산막,82.4
업성,80.4
남사,49.6
좌련,90.6
가천,97.5
우천,68.4
농안,80.3
미포,86.2
문광,93.5
광대,53.4
용덕,87.9
초촌,67.8
냉정,82.0
장산,87.2
흥사,77.8
도촌,74.0
백석,55.9
신전1,44.9
노현,72.0
석동,50.1
율어,86.4
안덕,39.0
초당,85.7
마곡,78.2
내리,85.0
연소,69.4
대안,76.6
월정,76.5
문치,71.8
응석,34.3
유상,63.4
봉현,95.3
가학,89.4
봉정,92.4
백현,37.7
청웅,79.9
성지,85.2
동막,80.8
탄동,28.3
덕평,96.6
연곡,80.2
어천,96.3
동부,99.8
백마,74.0
인평,89.1
금연,66.4
고기,73.5
침교,32.4
신리,70.7
강진,77.5
백운,67.8
양신,65.7
오봉,74.3
온정,99.1
기산,77.4
은곡,73.7
차리,75.4
남북,78.0
양촌,55.9
금천,63.0
발산,91.1
화곡,81.1
성호(설성),98.2
노구,85.8
수락,79.7
학동,82.8
낙생,89.1
선암,73.3
삼가,91.2
동정,39.0
조항,69.7
진원,50.6
삼정(삼정리),66.2
학동,74.0
오류,94.8
강선,56.7
고매,73.3
일대,74.1
대곡,75.9
신왕,32.5
대평,54.1
운남,80.9
상신,40.1
사동,56.6
양리,78.9
천흥,81.6
옥계,91.3
수동,64.3
신동,49.9
동곡,75.2
백호,93.8
주봉,73.3
방산,63.4
화원1,83.5
방곡,89.2
금마,69.3
월매,82.4
직지,62.9
평지,46.8
황계,99.2
대장,56.7
개곡,61.8
기지,67.0
창봉,75.7
금사,84.6
옥천,57.8
가산,69.9
성산,55.2
쌍암,67.9
사정,94.8
천천,54.5
광덕,50.2
강사,43.8
중하,32.0
서산,50.6
어옥,64.2
점곡,72.7
송평,59.1
예전,5.9
외선미,99.8
서창,29.5
성남,71.7
송당,61.0
내태,36.6
관기,32.1
수철,81.5
신풍,76.3
성산,76.6
척정,100.0
동향,40.9
학정,35.5
냉정,73.0
월가,77.2
신창,71.0
호민,63.2
인담,70.4
용암,49.6
백록,67.8
중화,48.6
용암,63.9
내현,74.6
금상,72.4
봉소,60.2
수성,99.7
대덕,82.1
용진,17.7
강정,78.7
유계,67.0
신방,11.6
풍길,70.5
우산,51.9
개암,32.1
행정,69.4
연죽,86.4
매곡,53.2
동백,79.3
대정,46.3
속곡,53.1
대도,87.5
달서,79.7
매원,90.8
덕중,35.0
회학,63.6
화성,63.3
용풍,97.2
산묵,62.7
연화,33.2
추동,74.8
장전,90.2
하천,78.3
장군,80.2
심동,90.5
대보,69.4
도척,68.8
동교,71.5
하분,92.8
김전,64.8
오방,99.2
달전,62.6
무풍(증산),81.4
금반,82.2
가곡,76.1
괘릉,62.2
달성,20.5
덕곡,90.0
금사,75.8
주항,90.0
천망,70.6
중리,100.0
신풍,38.7
유곡,37.1
모암,37.9
매전,82.3
수산,2.0
청림,69.7
장수,86.8
석천,83.7
칠성,80.1
모화,48.6
하동,86.4
반곡,48.8
문죽,100.0
구룡(충주),55.0
청량,77.3
금계,22.6
운암,77.8
금주,98.4
진죽,66.4
강천,71.6
남산,59.0
월평,88.6
금동,66.1
강운,51.1
성산,56.1
농암,92.6
사천,56.1
연보,60.9
불모산,59.8
이담,74.0
기산,45.3
상오안,78.6
명주,100.0
지산,39.9
평촌,61.7
신평,98.0
광월,91.4
송림,65.4
구룡,68.7
노티,46.4
필덕,54.7
칠성,91.9
매산,66.6
죽청,41.0
우곡,76.2
봉덕,53.5
서송원,54.4
모령,68.0
취병,100.0
백록,51.8
오산,62.6
입장,73.7
신학,73.8
공능,71.3
비룡담,93.7
지선,56.6
만년,75.6
노단이,99.1
승언2호,83.4
죽산,100.0
상천,69.1
효천,88.5
만수,29.5
연경,68.6
승월,61.9
반곡,74.5
화죽,74.3
대강,99.5
백암,94.4
상항,80.4
황령,14.1
우본,57.1
어은,69.2
원수,89.2
모월,73.1
멱우,96.9
화원2,72.4
삼산,71.3
봉학,74.3
답천,53.4
봉산,83.6
기동,74.7
월성,63.6
도기,79.5
발랑,95.0
율곡,52.2
부곡,87.7
청계,70.4
대현,93.4
대도,0.4
상암,28.7
부안,91.8
덕동1,74.0
옥관,49.1
라성,66.2
관춘,73.1
덕곡,39.4
냉천,70.4
전대,80.9
범화,55.7
수야,55.8
용궁,82.9
칠곡,99.1
정석,56.6
도유,43.8
대산,70.1
용연,73.6
춘동,65.0
진봉,100.0
서대,92.1
동촌,50.8
인산,85.3
길천명촌,50.9
원부,96.4
임수,80.9
월계,77.9
청용,79.0
오라,88.3
오성,85.4
화동,68.5
두산,60.7
명곡,84.3
황둔,21.9
상오,54.9
용치,97.6
요고,74.5
사촌,67.9
조박,42.1
산정,79.2
문암,85.2
구계,85.7
금호,78.7
봉양,44.6
평정,53.6
보미,38.5
월곡,77.4
감물,76.0
매산,85.2
삼봉,60.4
오산,76.0
유유,21.6
지내,87.4
대룡,63.0
권이,28.0
입곡,70.6
선고,88.9
죽산,81.9
고산,82.5
운곡,79.7
도원,67.1
선동,90.6
하산,67.5
작천,99.7
칠곡,76.2
노안1,54.7
삼산,72.1
운호,40.6
삼덕,85.7
신정,67.4
품산,48.1
오방,74.5
감동,67.7
정자,94.5
도순(용화),73.3
천곡2,58.1
진목,74.0
월평,39.7
가천,84.8
하당,89.8
영마,50.8
중리,57.0
손항,61.2
입실,82.9
가수,66.0
월정,82.7
자산,71.4
학파2,71.1
하도,88.4
월랑,85.1
백운,61.1
금성,96.9
용산,85.5
송정,77.8
두돌,60.1
연제,85.1
공암,59.2
누교,86.8
월성,73.6
용봉,77.0
매정,63.2
오산,43.1
연화,72.3
고련,98.5
맥포,56.9
박석,62.8
중장,84.5
제산,78.1
중촌,82.2
대방,59.5
석계,87.0
율원,70.2
갈전,59.1
노치,78.0
덕림,57.6
의림,86.5
대맥,63.4
상대,56.9
금강,84.3
유학,87.2
평지(고수),64.2
월티,74.9
청용,95.8
제2쌍치,17.5
용곡,67.6
미야,54.0
대암,73.8
화양,56.1
금성,56.4
보강(대리),72.6
어산,63.9
방광,5.0
옥성,78.7
심천,56.5
향리,85.7
덕곡,78.5
서하,58.5
유신,91.6
금지,75.3
서랑,89.9
홍중,77.9
횡계,62.0
봉대,98.3
서덕,65.0
수양,88.7
유치,90.9
노천,70.9
임화,71.2
불암,47.7
대복,68.8
비홍,98.7
신,68.8
불목,81.1
내정,100.0
신촌,79.0
송풍,87.6
동림,76.9
고현,38.8
장동,90.6
신암,80.0
용흥,79.7
남면,93.4
남산,36.4
미후,54.0
남산2,66.0
평호,80.1
송악,91.2
부구,86.2
사자,91.1
백역,83.9
연장,81.7
서포,79.1
어촌,66.6
산호,85.9
운암,62.0
외촌,67.9
원당,47.5
저동,77.0
상송,62.8
심원,97.0
정산,79.8
탑곡,71.3
궁항,88.3
용추,80.8
화산,44.9
목동,76.6
풍암,88.0
국전,93.5
영산,90.5
남포,41.3
산남,75.5
반계1호,87.5
자일,97.5
평온,58.0
마정,78.1
덕천,99.9
봉산,79.2
구상,71.9
금정,43.6
구가학,78.6
수동,59.5
용암,78.1
남치,88.7
광청,99.9
한수,47.5
내연,59.3
백학,81.6
연덕,70.5
대천,42.3
거제,93.9
상가,73.1
신촌,100.0
장전,81.5
두봉,72.1
가신,79.1
삼방,58.2
길곡,81.0
월송,80.1
호동,78.1
남흥,40.4
송현,67.4
통안,71.7
숭진,75.1
한자,50.6
대미,70.3
이동,59.2
강정,69.0
우동,52.7
의동,66.6
용암,72.4
한곡,58.4
서마,8.5
한곡,44.8
초동,71.3
숭암,70.6
대현,72.5
등용,79.6
건등,71.0
명경,62.1
상미,66.9
연,58.2
신암,82.8
만년,67.8
광평,82.9
고잔,85.2
부,72.7
대산,82.1
비봉,29.3
오성,68.0
신구,80.4
신방,67.7
상용,74.1
화암,99.2
사암,99.8
대곡,100.0
운수,94.2
화강,69.2
용산,81.3
송라,99.7
오사,76.5
유암,50.9
매곡,84.2
신금,59.6
등암,74.6
화산,46.0
학동,79.1
월흥,78.8
금단,15.1
오기,74.4
흑암,75.6
종암,55.3
화림,80.7
가봉,75.0
동암,87.8
영동,79.7
부야,62.7
만안2제,61.8
도남,77.2
미전,57.8
송전,89.0
노상,78.4
용봉,100.0
송월,100.0
와지,85.0
죽촌,83.6
서곡,77.0
목미,74.9
도곡,99.2
두만,72.0
양전,82.1
죽림,35.5
아산,77.9
척과,64.6
지산,69.5
송원,76.9
남성,54.7
과림,86.7
도촌,63.6
장곡,86.1
하눌,38.5
방내,100.0
입사,87.8
대현,73.4
신성,45.4
사동,82.0
교동,100.0
송곡,67.6
대천,61.7
두곡,88.2
강정,79.7
용현,48.6
동산,77.6
옥금,85.7
월암,75.8
침법,74.8
추곡,73.6
마흘,47.3
사봉,100.0
신한,77.5
수철,99.1
운전,87.1
남계,76.8
일봉,81.9
대풍,6.8
홍곡,34.7
홈곡,95.5
노방,79.0
무곡,73.9
해경,77.9
물천,81.0
내의,59.9
마룡,61.2
운천,93.8
대박,64.0
회동,98.1
용포,5.4
송정,76.7
대아,58.0
성죽,91.3
문동,44.1
장흥,59.8
탑정,79.9
송전,82.1
수정,95.5
운강,100.0
가화,18.5
신전,76.7
상가,75.0
운산,55.0
황청,84.1
기동,30.6
마이,84.9
용전,82.4
대곡,100.0
월림,77.5
대곡,81.7
서당곡,76.3
목교,26.7
성대,78.7
창평,62.9
인덕,79.2
미산,61.7
속초,81.9
공안,75.5
북창,67.1
인보,88.8
광천,86.4
백곡,89.9
수부,54.3
도덕,69.8
구내,57.7
인계,77.1
연호,45.4
온정,100.0
유동,79.4
무선,52.5
사창,75.8
금단1,86.0
미로,100.0
성만,86.9
차사,75.5
연봉1,68.8
월암,91.6
대동,67.4
위동,72.2
남방,100.0
지곡,89.0
지곡,75.6
가평,8.1
동마,71.4
산두1호,69.0
용정,80.3
아암,83.4
공배,76.9
지내,100.0
삼인동,68.1
송암,62.3
구룡,41.1
고현대곡,98.0
청계,25.6
현천,82.3
송곡,90.1
남성현,65.7
화원3,83.3
일월,295.4
무릉,43.1
사점,98.5
천상,100.0
학서,79.8
신풍,88.4
남상,95.7
월평,44.5
평산,35.1
옥계,32.5
용정,31.7
어은,90.9
오궁,1.7
인덕,62.6
대흥,65.6
고야,86.4
냉정,70.2
대야,42.8
학동,76.0
방춘,88.5
버들,93.6
용항,62.0
구례,75.1
설매,74.1
진안,55.7
한실,71.4
낙덕,74.4
신계,86.9
용면,90.4
삼길,86.4
구암,54.5
고합,76.1
북장,65.2
성동,67.6
우습,59.7
지포,94.0
신풍,87.3
대덕,48.1
반곡,83.6
다정,69.2
황룡,89.6
관덕,95.3
창기,88.9
신야,83.4
칠곡,49.5
연화,99.8
덕곡,74.3
백동,42.3
팔영,57.7
태간,77.7
원산,100.0
다개,84.6
미망,63.0
운암,91.5
서양,92.5
유평,45.1
계촌,73.5
백련,68.8
부연,95.3
웅동,55.0
반곡,54.4
지수,74.4
실업,95.2
가동,72.4
마산,18.9
용수,62.1
임곡,1.9
남양,83.3
행성,53.3
장안,78.2
개정,0.0
용지,69.3
뇌죽,2.6
백련,46.6
창평,80.9
영수,90.0
남양,69.9
운대,92.3
천마,37.8
주을,29.2
승언1호,81.8
남정,63.7
지촌,72.1
고산,73.0
서가정,79.6
광암,76.6
부제,63.1
대골,70.7
육통,33.5
화봉,50.0
동림,73.1
모정,51.5
황산,67.3
보림,92.1
대동,97.2
묵동,98.4
강청,74.5
입곡,49.7
용정,84.7
하마,88.1
대원,60.0
청용,64.0
선동,34.7
삼청,69.7
단계,84.5
고내,77.9
용전,58.9
구례,73.0
오상,72.1
승언3호,85.9
노곡,76.9
용두,71.2
시동,76.4
구수,99.1
반성,89.5
매화,100.0
작곡,58.6
신평,29.5
송산,71.3
학림,88.4
대제,85.4
효기,76.0
남계,45.7
신기,76.3
장산,85.4
송현,97.0
부흥,44.5
봉암,63.6
삼춘,88.0
사양,89.4
백운,89.9
봉계1,73.0
연구,35.3
청수,47.1
부곡,82.4
지장,76.2
반곡,0.0
하곡,85.4
가례,67.1
어두,83.5
장수,5.0
동방,51.9
욱수,73.6
주교1,29.3
천정,58.0
안정,74.2
봉서,60.9
미동,58.8
복곡,75.4
덕촌2,53.4
적성,90.8
봉,100.0
괴정,14.3
연동,49.4
고이,78.2
오정,88.0
금굴,93.0
오룡,82.0
대불(진안),86.3
벽정,51.6
축산,82.2
신덕,61.8
백학,80.6
삼포,65.3
경상,78.4
마전,99.4
호덕,13.8
조화,66.3
탑,21.7
약천1,84.8
월산,99.6
천마,50.3
상마북,54.8
대방,18.0
이곡,66.6
문방,69.8
강천,21.5
신월,91.5
삼봉,70.8
운곡1,9.1
용제,89.9
용소,68.6
북부,5.8
산대,31.8
풍정,77.6
우산,90.9
마산,60.2
황길,50.6
금광,93.3
성암,74.5
모고,77.6
학정,59.2
봉산,12.3
황산,51.1
기일,40.8
미인치,51.7
반월,45.0
도봉,68.7
영춘,71.6
백포,4.0
대방,75.7
평리,64.7
삼천,69.9
삼율,92.9
한치,61.0
입남,70.4
사계,58.8
인평,96.1
유곡,96.6
천평,86.7
혈곡,88.3
순흥,52.3
갓점,33.5
빅실,67.7
사암,72.2
신두2호,72.5
금덕,83.0
동외,69.7
신리,62.6
매곡,80.5
방송,86.3
대석,90.6
장천,82.3
난계,67.9
용문,99.8
죽청,43.2
매주,88.5
고성,60.6
용암,88.0
월곡,82.3
문수,66.1
용하,60.4
용,70.3
사배,88.4
장저울,80.0
내금,73.5
도인,59.7
병정,69.2
쌍용,62.9
상미,28.8
내령,0.0
십이리,82.2
세곡,48.7
중도,87.8
봉호,82.8
죽림,90.7
창유,34.6
양성,61.1
단호,72.5
안치,99.6
칠성,42.6
송천,61.6
죽정,7.6
우음,95.2
금현,78.0
소래,165.4
화지,33.7
원동,88.4
지동,95.2
병산,100.0
매왕,40.0
추계,100.0
무창,51.5
중방,87.0
연화,57.7
영풍,80.1
장기,92.5
온동,55.0
수지,90.4
의평,83.3
명도,67.8
추동,85.4
백운,92.1
충효,56.5
기,37.9
화전,52.7
사촌,97.9
신리,95.5
신봉,99.6
성만,62.4
이산,73.2
갈망골,100.0
화본,82.7
지산,92.8
대동,72.4
큰골,72.0
복용,73.9
조감,73.7
벽지,69.7
구산,50.8
중평,44.1
청수,9.5
용산,73.7
각리,0.0
미암,74.0
용천,90.0
오곡,60.5
대안,99.6
단평,57.4
목단,64.6
상원,31.9
사계,99.3
백석,52.3
운대,79.0
길성,78.2
금평,38.4
갈곡,100.0
도평,81.9
송림,81.2
용동,73.8
심천보충,53.9
외기2,50.7
삼합,96.7
남창,99.5
덕천,75.5
구봉,76.1
학동,58.6
송고,93.0
둔암,98.6
명덕,66.9
왕산,1.5
사창,44.3
노안2,59.7
고라,70.1
구암,83.1
안평,75.7
달영,99.7
우두,93.6
신원,81.2
동진봉곡,60.3
성당,75.1
아곡,95.5
차당,52.8
산정,75.4
동심1,76.9
지향,63.2
교산,74.3
동산1,66.6
신양,86.0
백계,59.1
보령,74.8
종산2,73.2
해교,41.2
좌산,95.4
묵곡,74.1
신정,95.9
광석,65.1
금계,79.8
석교,79.5
잔드리,100.0
신선,95.1
용성,31.1
녹원,64.2
봉림,78.5
청운,64.6
내리,65.2
마하동,84.8
망우,66.1
화전,75.5
봉대,90.0
단석,40.5
방화,36.1
장안,72.4
표촌,78.1
금곡,79.9
대호,78.4
가곡,93.3
오서,70.0
용성,95.9
용덕,97.7
황산,58.6
만수,65.1
움골,98.7
신위양,73.9
군상,75.0
고척,83.7
척포,71.4
신송,66.8
구룡,99.2
백곡,75.8
월포,65.9
율금,89.3
도야,49.7
안하,71.9
가장,71.6
매향,69.8
품평,37.9
산정,79.2
방한,100.0
신포,83.7
우슬,79.5
대운,63.5
대곡,1.2
봉암,37.5
대곡,55.0
죽곡,64.3
여수,45.9
월호,61.6
칠리제,91.9
대천,75.5
신기,44.3
근곡,68.3
금강,70.9
상촌,100.0
용천,94.8
금화,71.1
오산,82.3
연화,95.5
북군,100.0
하신,74.6
구호,77.8
퇴천,85.9
수정,53.5
하일,62.8
누동,50.0
가락,86.5
소산,58.9
안성,94.6
용주,57.0
남전1,85.6
성산,82.0
양사,52.9
구영,31.7
매동,5.6
유곡,79.7
만수,64.7
옥당,90.1
지산,74.4
용교,56.4
봉림,69.5
양동,52.6
가곡,57.7
평금,50.6
정혜,45.0
도산,68.6
삼부,25.0
용동,32.4
와우,97.0
저동상,68.2
상리,53.4
당오,42.0
고장,55.2
용월,73.1
용암,79.8
태평,65.4
봉림,79.9
성덕,87.2
학송,81.7
송정,44.7
남평,46.9
도청,55.0
화동,91.2
망운,98.1
청계,52.0
하갈,34.0
곡안,81.4
와동,46.5
두곡,74.7
중고,61.8
묵곡,83.2
덕림,78.0
심곡,76.0
운월,71.0
구위양,82.4
종산1,73.1
죽산1,70.0
오상,70.0
단양,76.0
수천,77.0
수각,71.8
저동하,70.0
기곡,99.0
대곡,72.5
석현,70.0
지북,53.0
탑동,75.0
소로,100.0
각산,63.0
진기,78.0
해창,90.0
강수,75.8
근촌,78.0
수곡,70.0
상대,58.0
수양,79.6
용수,79.0
구사,76.0
월계,73.0
송전하,99.0
옥동1,95.0
갈곡,36.2
검산,39.0
백미,70.0
금계,78.9
정동,82.1
어룡,66.7
신암,64.9
독상,48.0
명진,79.5
남해대곡,85.7
동천,100.0
절암,68.0
회룡,80.0
해제1호,61.0
금덕,27.8
묘곡,65.0
과동,70.0
현경,62.0
가곡,78.8
덕진,70.5
사도,5.0
신안,70.4
노곡,78.0
청용,90.0
방축,61.4
제동,64.0
영풍,65.0
범백,70.0
온동,75.0
학동,70.1
봉전,96.5
삽다리,100.0
흥곡,72.1
명슬,80.0
백안,69.0
소룡,74.4
운천,0.0
직산,73.8
반계,82.7
장평,64.1
동면봉곡,76.0
덕촌,100.0
만학,80.0
연동,79.2
항곡,75.0
대부,55.3
석정,78.0
용동,72.0
형제,79.0
취적,73.0
용암소류지,52.0
안신,79.0
태백,59.3
훈제,75.0
진촌,76.0
백두,81.0
오정,78.0
신파,75.6
월경,75.0
신암,80.0
봉저,40.0
금파,54.7
남산,76.0
사등,78.6
지동,30.5
용천,88.8
황산,72.0
삼신,60.0
소정,63.2
도개,83.0
수시,70.0
백련,70.0
모길,71.0
대곡,93.0
배달,60.1
두곡,70.0
신기,73.0
금산,100.0
동고,76.0
반계1,96.3
성동,80.0
호암,72.0
월롱,56.8
가라,73.0
해현,72.0
서창,77.0
당촌,4.6
청동,79.0
서변,54.4
사정,69.0
성거,80.0
장성1,77.3
심천,68.0
가정,75.0
두돌,62.2
축동,78.0
매탄1,81.0
보산,79.0
오봉,81.0
신촌,68.0
호성,100.0
미억,69.3
축촌,70.0
도천,82.0
합강,71.0
세청1,79.0
아래(아래방죽),68.0
칠성,68.4
배방,76.0
수장,83.0
황금,70.0
진목,49.9
대분,50.0
고읍,75.3
대지,70.0
신안,82.0
삼천,22.2
은석,77.0
이문,75.0
학동,80.0
산호,90.0
미장,100.0
두곡,97.8
부연,73.1
양기1,86.0
금천,65.0
사천2,84.0
황곡,75.8
임기,100.0
모시,65.0
만수,71.2
운산,80.0
득소,69.6
강정,70.0
수정,71.3
연지,62.0
당하,76.8
행촌,77.0
동문,79.0
신리,85.0
천율,86.6
삼풍,77.0
송기,66.4
발산,97.6
검성,74.0
옥연1,95.0
금곡,76.0
은포,15.0
절골,65.1
안내(만도),75.9
광덕,64.0
계치,100.0
삽실,70.4
이월,66.0
문동,67.8
해제6호,60.0
행장,79.0
애미,55.0
계원,70.1
갈곡,68.0
송산,62.0
선동,77.2
보화,70.0
남석,77.0
목동(겸면),75.0
복용,78.0
죽전,85.0
척고,57.0
비아,48.0
용포,67.0
한운,62.0
법동,66.0
어린지,41.6
송기,74.0
진월,72.0
길은,86.0
서운,74.0
묵촌,84.0
양호,71.0
대곡,74.0
사암,100.0
유호,69.0
진곡,67.0
서치,77.0
율천,70.0
신석,79.0
오도,78.0
밀이,80.0
사부골,68.0
죽산,63.2
한티,80.2
동변,53.2
관율,86.0
방축,75.0
망덕,73.0
윗방죽,69.0
율동,90.7
목동(고달),61.0
입석,74.0
월봉,75.0
등지,60.0
당산,78.7
신덕상,51.6
노곡,65.0
신평,70.0
하사,54.0
구영2,62.0
동산2,10.0
대각,79.0
장수,69.0
함덕,12.2
동촌,53.8
월전,25.8
삼산,67.9
여천,72.0
말흘,62.0
영천,72.0
석문,47.0
남양,75.0
칠전,87.0
오성,68.0
칠전,79.0
새못,68.6
소부,50.0
달전,86.0
황촌3호,74.8
명곡,69.5
환곡,88.0
미력,91.7
둔덕,78.0
홍도,77.0
채지,70.0
백암,74.0
산수,74.0
삼신,100.0
신학,100.0
신흥,65.0
백운,69.0
죽안,81.1
압수,72.0
봉계2,73.0
신장,71.0
지소,68.0
신(화북),71.0
구천,68.0
하류,100.0
양정,74.6
길상1,79.0
원등,99.0
석평,60.1
우장,47.0
원당1,69.6
유정,76.5
금성,78.1
옥평,71.0
효갈,77.0
반월,73.0
평덕1,90.0
읍동,65.0
비아,64.0
월악2(월악),66.0
원연,54.1
빙등,77.0
사라,98.9
내야,75.0
충평1,75.0
지다리,70.2
내동,72.0
궁구,71.6
금곡,72.1
광령,41.8
평지(해리),70.0
남산1,69.0
반월,79.0
난동,52.0
진목,61.2
하고,100.0
주교,76.0
장곡,100.0
유정,80.0
구사동,66.0
몽강,76.0
오강,75.6
오동,56.0
천미,72.0
동촌,79.0
왕림,89.6
괴음,67.0
수동,58.0
적곡,62.2
한사2,68.3
신정,91.3
화방,65.0
용강,60.0
용산,81.0
덕림,68.0
입,74.6
도천2,72.0
고덕,76.0
축내,74.0
만수,67.0
대송,65.0
당곡(미현리),70.0
오리골,64.0
상방,79.0
학동,71.5
대율,61.0
마장,66.2
순촌,75.0
청룡,52.8
병풍,67.0
증상골,63.0
외입,95.0
예덕,76.0
추포,65.0
후평,68.0
금단,72.9
기룡,72.0
고가,76.0
장동,67.0
용정,76.5
남동,95.0
유현,72.4
진성,72.0
백연,49.0
부평,69.0
흥각2,63.5
용흥,78.0
지탄,100.0
요동,75.0
입,68.0
상강,77.0
신풍,67.0
보강,76.0
항동,55.3
무연,75.4
용강,75.0
농촌,100.0
유등,71.3
남계,72.0
입석상,65.3
능화,78.9
들못,80.1
옹,57.4
연동,75.0
운암,50.8
소포2,84.0
관동,70.4
쌍암,68.0
가랑,70.7
노룡하,79.0
장등,81.0
문암,77.0
골안,70.0
화수,68.0
평죽,68.0
토동1,66.0
연산,70.0
구,84.0
신학,50.0
고성,90.0
호구,75.0
연꽃,70.0
대동,91.0
미룡,79.8
가곡,78.2
산정,67.0
송림,77.0
죽청,84.0
송현,62.0
상대전,55.0
구서양,37.0
신리,77.0
상돈,76.0
명동,75.0
부길,75.0
신산,52.0
호병,61.0
모산,77.0
장등,76.0
신리,78.0
송암,80.0
후평,75.0
연지,84.0
용강,78.0
가락,75.2
금성,76.0
금산,72.0
신원,34.9
연소제,67.0
선항,84.0
창산,80.7
동막,78.0
동심3,85.0
선동,81.0
거청,100.0
부정,80.0
황말,67.5
가목,76.0
지본,72.0
우월,79.0
교산,76.0
양천,55.0
수평(산동면),55.0
미촌,68.0
남산,89.0
개,72.0
외기,65.0
원우,76.0
오곡,61.1
양변,0.0
회룡,50.0
단장,69.0
신대,69.2
월산,77.0
안음,52.0
연지,65.0
죽림,74.0
도마,80.0
하치,77.0
수각,79.0
원강,75.0
마산,66.0
청호,60.0
성산,72.5
장승,100.0
불정,87.4
내산,88.9
대야(삼도),72.0
당산,70.0
금정,77.0
돌치,100.0
신포,68.0
노현,76.0
월명,75.0
구룡,71.0
영호정,68.0
용화,75.0
남티,71.0
평지,73.0
도속,74.0
월천1호,89.1
후곡,75.0
신성,75.5
온난,52.0
신기,76.0
곤,71.0
와요,69.3
탄금,75.0
망월동,55.0
부암,68.0
송정,80.0
대창,74.0
영촌,76.0
영천,77.0
갈포,71.0
성문,53.9
익금,66.0
대인,70.0
후원백,70.0
조양,75.0
산당,100.0
청영,59.0
신사,70.0
후평,49.0
홍연,50.0
삼풍,70.7
복사곡,64.0
훈도곡,72.4
옥연2,90.0
산곡,76.0
동막,70.0
일리,70.0
동방,79.0
당곡(용기리),78.0
서대머리,69.0
구연,78.0
월량,79.0
사교,75.0
죽곡,65.0
다산,77.1
고전,75.0
봉당,65.0
신봉,73.0
명석,78.0
봉산,67.1
못안,82.4
난등,62.2
고룡,72.0
관동,75.0
장혈,76.0
무수,81.0
동외1,70.0
하태평,81.2
가풍,96.2
능곡,75.0
금당(저류지),78.0
상백,100.0
분황,78.6
운곡,76.0
금산,80.0
가좌,75.0
갈우,75.0
장암,68.0
오미,60.2
대재,80.0
연화,79.0
유정,81.0
저곡,69.7
궁암,76.0
석장,67.1
태봉,61.0
신당,50.0
숙적,73.0
마전2,76.0
석천,80.0
다산,61.0
금평,65.0
신흥,80.0
신기,68.1
연화,69.6
부리,98.1
사가,57.2
무창,72.0
담마,66.0
신평,70.0
광암,68.0
영등,78.0
영천,76.0
도천,80.0
파도,50.0
내곡,8.0
신추,79.0
월치,85.0
대율2,62.0
후평,70.0
도촌,75.6
점촌,78.2
유촌,81.0
삼치,100.0
금봉,77.0
우사,81.0
한강,71.0
곡,76.3
신호정,68.0
죽분,73.3
암가,75.0
유치,81.0
장안,79.9
싹실,72.3
후들,80.2
계룡곡,72.0
지곡,80.0
어란,74.2
원백,75.0
배월,78.0
지암,76.0
신풍,78.0
연곡,75.0
초장,77.0
해제4호,60.0
벽수,51.0
우질,63.0
마전1,77.0
두곡,72.9
마당,96.9
방축,78.0
송내,64.0
초양,62.2
금동,68.0
동산,99.4
반곡,65.0
연정,50.1
금강,67.0
석방,75.0
금남,75.0
골작못,82.3
봉동,69.0
고척,75.0
명곡,72.0
신한,68.0
새못,81.4
어은상,83.0
관산2,91.2
명전,77.0
황정,69.7
수봉,50.0
맛골,76.5
용림,72.0
오천,70.2
건잦,79.5
대안,74.0
대곡(화북),45.0
고사상,71.0
신당,82.0
수지,68.0
기곡,72.0
갈목,75.0
흥구,68.0
가내,76.8
계동,74.0
노산,50.4
서당,76.0
광두,61.8
원당,70.0
대곡,0.0
와룡,72.9
마평,71.0
난대2,90.0
나산,75.0
운정,75.0
도야,72.0
강양,80.7
전당,76.0
서호,62.0
사갑,48.0
송림,68.0
다개,80.3
도이,100.0
소곡,76.0
기동,77.0
봉소,68.0
청용,79.0
월분,75.0
평촌,73.0
청림,80.0
제성,80.0
마당,77.7
동산,60.0
가흥,80.0
웅동,79.4
호암,79.0
학동,69.0
백곡,71.7
마평,70.0
내청,79.0
저연,67.0
금평,77.0
정촌,79.0
중초산,72.0
북두,79.0
효정,67.0
요기,72.0
복만,72.0
고삭,21.0
갈우,76.0
명금,77.0
죽촌,79.0
각동,78.0
신월,75.0
차동,100.0
죽산2,68.0
학산,61.0
오류,85.0
궁정,64.1
도관,51.0
오리,68.0
요성,65.0
별실,48.0
삼청,72.0
장고,61.0
태봉,78.0
화송,68.0
연화,81.0
신평,70.4
구만,65.2
양림,90.0
사못,68.0
다암,75.0
북조기,71.0
월곡,100.0
산계,78.0
봉덕,77.0
도장,67.0
구리,64.0
학사,79.0
전평,71.0
소화,72.0
송촌,79.0
달산,48.0
한동,46.0
윗마을,67.0
목평,76.0
신미,78.0
월산1,75.0
원주골,71.0
성포,71.9
운평,72.0
방축,76.0
안법,84.1
안골,68.0
구로,51.1
월호,75.0
송산,65.0
월평,48.3
와우,80.0
사제,47.0
못골,64.0
파대,70.0
미남,68.0
수촌,71.2
대동1,70.2
화산,77.0
율산,67.0
갈마,68.0
큰골,68.0
토개,69.2
하허,69.4
학동,75.0
석마,74.0
구월하,78.8
후포(율포),77.5
죽전,69.9
낙안,68.0
속동,65.0
동림,77.6
옥동,79.0
석지,78.0
차산,67.3
용호,75.0
학,58.5
암가,74.0
후동,78.0
운곡2,72.0
신촌,62.0
용암,70.0
사창,68.0
운지곡,64.0
둔각,70.0
대동,100.0
신(금호),71.0
원흥,71.0
덕령,78.0
외치1,59.3
승일,70.0
수월,63.0
고모,69.0
보월,78.0
송림,75.0
작동,42.7
장성2,79.0
죽전,73.0
매류,100.0
북초산,74.0
신기,75.0
원천,55.0
지초,68.0
초곡,81.0
조산,49.0
덕재,70.0
노송,75.0
당리,69.0
불,50.0
박곡,48.0
덕동,78.0
월산1,66.0
산간,78.0
교곡,50.0
방계,70.8
신홍,59.8
상탑,76.9
난곡,61.3
유평,68.0
이사,80.3
연,49.4
도래모,61.2
각산,69.0
백암,77.0
구곡,63.0
두곡지정,69.3
둔지,75.0
학천,77.0
복자동,68.9
오류,77.5
부,45.2
연중,49.1
화정,77.0
온당,52.0
동정,77.0
부곡,95.0
평덕2,95.0
낙산,80.0
대평,81.0
상덕,68.0
벼락,52.0
연,49.0
은평,64.0
도마,72.0
산정,78.0
산택,81.1
양전소류지,67.0
상부2,68.0
오륜,78.0
돈,72.0
석교2,90.0
신원1,68.0
연당,54.9
조곡,45.0
월평,52.0
신계1,77.0
행군,68.0
굴포,77.1
흥덕,77.0
신당,67.2
무동,79.9
신음,80.3
몽송,78.0
청현소류지,68.6
석사,72.0
대량,78.0
관답,79.0
평지,72.0
신근,100.0
왕산,73.0
소룡,78.6
우농,72.0
와우,55.0
신촌,64.0
대흥,73.0
권동,78.0
용호,76.0
목수,75.0
부곡,72.0
괴겸,47.0
대원상,65.0
궁골,78.2
시문2,59.2
안양,70.7
산제,78.0
청암,76.0
벌못,51.0
공수곡,82.0
부흥,0.0
상남,81.0
도장,79.0
용동,68.0
후재,79.0
상부1,67.3
호동,67.0
예동,79.1
사례실,69.1
치이골,82.0
신(북안),72.0
뒷들,80.6
석종,74.0
음촌,75.8
연화,56.0
신황,78.0
외치2,78.0
황세지2,81.2
방축,73.0
우와,55.0
금곡,72.0
북성,72.0
군목,74.0
지사,75.0
소용궁,78.0
산성,80.9
철방,44.1
모산,51.0
연안골,63.0
각계,59.0
방화,60.0
덕촌2,78.3
마하1,70.0
개경,78.0
고평,45.0
남성,68.0
중명,71.0
뒷개울,64.0
봉명,80.0
지곡,81.3
오봉,74.0
장곡,60.3
신흥,75.0
모지,82.0
뒷골(다개),83.1
향월,64.0
신대,75.0
신방,70.0
불당,63.0
율곡,83.0
노현2,67.0
월영,81.0
청감,64.0
금동,68.9
고창,74.5
허교1,68.0
웃골,62.0
칠석2,72.0
금정,100.0
송학,77.0
봉정,77.0
용정,60.0
우정,67.0
송현,86.0
불당,57.8
망구,77.3
염해,75.0
신당,82.1
하대,75.0
오수,72.0
신묘,76.0
조치,68.0
세류,68.0
망월,67.0
대방,63.0
지내,90.0
고잔,58.3
후곡,76.0
대천,67.3
두봉,81.2
수평(간전면),50.0
가동,55.0
영안,78.0
정천1,78.0
곡치,68.0
서녁,81.1
남춘,67.0
사마,66.0
송변2,68.0
창교2,72.0
은하,80.3
오리밭들,82.4
대야,83.0
진소,75.7
덕산,75.8
한수,76.0
강대봉,75.0
중월,78.0
대전,50.0
대사,70.0
가학,83.0
자풍,71.3
두달,68.0
칠창,82.0
반암,80.4
덕곡,71.5
알령,47.0
김천,63.0
동산,78.0
춘정1,60.3
산합,74.0
덕촌,74.0
도암,50.0
평유,67.0
소산,70.0
선석,65.0
다천,60.3
숭오,73.0
가곡,0.0
동외2,56.9
대초,69.0
고래,72.0
월곡,78.0
지동,98.4
송동,79.0
군곡,67.0
어은하,84.0
봉학,77.0
초음,59.5
부동,78.0
갈마,49.0
명곡2,71.5
지동,75.0
신후평,77.0
해현,72.0
먹골,83.4
천곡,100.0
원계,100.0
지경,74.0
평촌,76.0
용산,78.6
용복,77.0
오리,69.0
서동,74.0
신천,77.0
허교2,68.0
광덕,50.0
이치미,63.0
우봉,73.0
상락,72.0
난문,62.2
원당3,66.8
안골,90.1
신마,75.0
평림,65.0
갈마,57.0
창교1,72.0
석화,65.0
원용두,92.8
만촌,78.6
상태평,80.5
가내항,68.0
방두,78.0
사림,55.0
개천(계천),68.0
황세지1,82.7
옥산,60.0
백동,61.0
동백,80.0
회룡,76.0
능안,75.0
황사,55.0
먼갓,81.1
과곡,80.6
큰골,76.8
연답,81.9
울성,100.0
야현,100.0
삼태,70.0
구봉,76.0
석전,78.0
삼덕1,67.5
장사,67.0
송죽정,68.0
풍정,70.9
어미,46.0
답하,48.0
질부곡,65.0
뒷골,63.0
대원하,66.0
탑구,63.0
세곡,61.3
용소2,61.2
원당1,90.2
악양,76.8
원동,84.0
하가,82.1
녹진,71.8
사두,60.0
유수,68.0
노송,68.0
신마산,69.0
감치,68.0
염전,77.0
퇴로동,71.0
양산,77.0
고지,75.0
군지,78.6
동막,100.0
휴암,78.8
신지암,60.0
동돈,52.1
축내,84.0
하발,84.0
목곡,77.0
벽동,76.5
정서상,67.2
식산,69.0
청수,72.0
사다리,78.0
행정,72.1
방,59.3
통안,74.7
삼만,80.0
골안,67.9
서당,75.0
백운,73.8
장암,78.0
석교1,70.0
강누,69.4
포강,70.0
부산,65.0
동심2,85.0
태신,79.0
대비,78.0
동역,69.0
내리소류지,67.0
강남,67.0
덕산,80.1
후평,81.2
장재,89.6
광산,69.0
방아틀,68.0
화동,82.5
한두골,74.3
오리곡,100.0
덕실,71.0
냉정,70.0
방죽골,90.0
신,54.4
산매화,78.0
비등,85.0
괴소,74.0
해제3호,60.0
밤갓,73.0
산정,0.0
오누이상,67.0
목곡,65.0
가지밭골,80.0
노곡,72.0
담뒤,81.0
연동,68.0
도대,60.0
수정,80.0
화계,79.0
남촌아래,76.8
두곡,60.3
감동,79.5
해제2호,61.0
성태,67.0
구량,75.0
연화,76.8
계척,50.0
방아골,66.0
신,7.0
월봉,79.0
연동,67.0
원두평,69.0
금산골,76.0
신촌2,67.0
백옥,69.0
신풍,68.0
송계2,72.1
귀명,68.0
박곡,69.4
효령,72.0
삼다,77.0
서상,70.0
금곡,68.2
대동,0.0
생룡2,72.0
저리,80.1
대안소류지,60.0
선지,66.0
가곡,100.0
인화,77.6
부귀,70.0
장평,65.7
세레,51.0
상골소류지,70.1
인강,70.0
석실,83.0
설못,80.6
삼덕2,70.0
검길,69.0
구시골,65.0
황정숲1,67.8
신흥,65.0
전대,51.0
시곡,69.9
평전,81.0
숭산,78.0
감천,55.0
금읍,60.0
다사,68.8
못안지,82.7
국동,73.0
문현,53.5
옥봉,69.0
우항,72.0
용전,72.0
수정골,72.0
송월,70.0
상서,60.7
척동,65.0
남천,62.0
복평,76.0
삼산,76.0
시목지,75.0
안심,64.0
내세,61.1
노곡,66.0
성터,69.8
용곡,72.0
수반,80.7
양수,100.0
준곡,100.0
용당,100.0
송티,76.0
신흥1,85.0
안심,77.0
조소,75.0
운각,65.1
소,76.0
아강,52.6
천석,81.0
죽산(석곡),62.5
전천,50.0
해제1-1호,62.0
가척,72.0
덕곡,51.6
소,50.0
부곡,64.0
감포,64.0
사시곡,60.4
이계,69.7
후곡,77.0
오곡,65.0
거러실,63.0
반운,67.0
중촌,80.0
내곡,78.4
배야곡,0.0
조적곡,82.3
탑송곡,50.0
양장1,69.0
등곡,51.0
계방골,76.9
정곡소류지,67.5
관선,68.2
서옥,75.0
유대,69.0
청용,65.0
불동,67.8
서산,77.0
학,65.0
송계,38.0
광성,67.0
대천,100.0
마항,100.0
당수평,100.0
양지,70.0
가창하,63.0
오계,66.0
매화2,67.4
구봉,82.7
학곡,63.0
음기1호,70.0
비기,71.1
늘얼,74.0
당산,68.4
우지곡(두산),80.4
추성,48.0
천곡,99.1
내송화,86.2
새꼬지,63.0
마람터,81.1
한산,65.0
각곡,67.8
수곡,72.0
수청곡,81.1
상촌,74.8
정좌안,68.1
충량,70.0
서당,78.8
해산,74.0
한절골,78.0
보두막,72.0
텃골,46.0
독점,50.0
가산,59.0
내산정,51.0
오누이하,70.0
적산,64.0
봉곡,57.3
일부,70.0
학당,70.0
재궁곡,80.2
당가,79.0
효동,67.0
서곡,66.2
매계,66.4
낙곡,72.0
하신야,79.0
당남,80.1
하신,72.0
황전소류지,78.0
사정소류지,70.0
양림1,67.6
아산,92.1
원산,77.7
마산,75.1
칠성,77.0
봉전,61.4
원방소류지,69.1
초정,66.0
상정토,67.4
초포,78.0
마골,71.0
당외,58.0
안치골,68.0
성지곡,81.9
원곡2,77.0
상안심,70.0
불모,78.0
남성,70.0
계남,77.0
수완1,72.0
반계2,81.2
용산,62.0
연산,74.6
후천,65.0
곽산,71.0
묵곡소류지,69.7
매화1,67.6
두곡2,66.8
안불,69.7
방축,67.1
인곡,7.6
고교,77.7
후산읍,76.0
청천,50.0
무릉4,68.6
윗곡1,83.5
대촌,80.0
턱골,64.0
바위암,49.5
대산,78.0
신산,68.0
삼정(금장리),70.0
다리골,48.0
새덕,52.0
구룡,51.0
사촌소,77.1
퇴로서,69.0
말랑들,63.0
대동,69.4
동신,55.0
무곡2,67.4
삼곡1,85.0
유와골,75.0
매동,77.0
방축,78.0
입석중,69.5
오량골,73.8
율리,67.0
봉동,13.0
중방이,70.0
하남1,68.6
상가,82.3
창월,81.4
구들,81.5
이실,76.2
황강,77.0
모곡,95.7
월현,78.0
대상,81.0
내동,58.0
양덕,52.0
성현,58.5
유하3,68.8
함방,69.1
목우천,64.0
외석정,80.5
신계2,77.8
신기,78.0
원옥,78.0
대산,77.6
구평작은골,77.4
이인,65.0
부수,68.2
마하2,0.0
쌍구,52.2
태간,67.0
산요,61.4
중정토,66.4
안하,63.4
외령,85.0
구룡,71.0
성하,61.4
노현1,66.0
송변1,63.0
중부2,67.9
효덕,0.0
월천2호,93.8
송오리,78.0
교동,70.0
월감,78.0
매월,75.0
와산,76.0
고길,85.0
남방,48.0
배골,69.0
분티골,66.0
원곡,76.0
고사하,69.0
심지상,66.6
용문곡,59.6
학동,76.5
신(화산),76.0
집당,50.0
자혜작은골,78.0
가봉,66.8
솔고개,83.6
화대,73.0
송매,67.0
배암골,74.0
방목,77.0
서릿개,75.2
대포,75.3
장명,72.9
오야,77.0
중리,50.0
선창암,77.4
송학,72.0
욕골,75.0
신덕정,67.0
관동갓,80.9
신흥,57.9
고정,78.0
양장2,69.0
선량,79.0
모전,77.0
신정,78.0
어룡,80.2
성도,77.0
박곡,50.0
신기지,63.0
띠울,74.0
심성,54.3
추동,78.0
우봉,79.0
신(화남),72.0
문촌,76.2
남전2,70.0
차일,81.4
직골,80.9
삼곡2,85.0
오류1,78.5
옥정,78.0
다락골,78.0
덕신,81.1
회미,80.0
이어,58.3
유하,68.7
박남,67.9
연동,68.8
금당,72.0
증구지,65.0
망두골,67.4
산수,79.6
소학동,68.5
박포,78.0
노류골,67.1
금림,82.3
정곡,60.0
선안,51.0
용담,69.0
내원당,64.0
독곡,80.0
웃들,12.0
추산,97.4
진산골,79.7
남촌윗,76.2
동명,71.3
택촌1,78.6
남전3,71.0
계양곡,77.0
입석하,69.5
구미2,69.2
분곡,80.4
까치섬,76.0
영지,57.2
유하1,69.6
상포,68.8
초삼,74.2
택촌2,78.6
천앙,67.0
오서,69.1
개금(개금실),78.9
해명산,78.0
숙,73.0
황산,80.1
소미하,81.8
입북,73.9
월곡,75.0
구산,71.5
선천,72.0
아름다울,64.0
예동,65.4
덕촌1,76.1
광대,68.0
인읍,78.0
신대,66.2
채동,78.9
보촌,76.0
모정2,66.0
녹동,57.0
하남2,67.7
학동,75.0
구라,78.6
작수,67.0
해제5호,60.0
신소,75.8
광개,77.8
남전4,69.0
아미산,81.6
연지,78.9
욱실(욱곡),77.0
돌성곡,70.0
외통,69.0
약석,81.1
대미론,78.4
역전,49.2
성남,78.8
내사촌,76.6
하쌍,64.1
백운,70.0
덕치,77.0
신흥,78.0
연동,84.0
복구,70.0
지동,73.0
앞실,68.6
가는골,49.0
덕성,68.0
금평(공평),66.0
가창상,64.0
용골,70.0
마쌍,68.1
신기,84.0
윗곡2,81.3
양하,85.0
중촌,67.0
심지하,68.9
강효,70.2
우계,80.0
아시터,69.0
상보,62.4
갈곡(소),61.6
화동,51.0
양지말,65.0
원곡,76.4
태평,78.8
하석,69.0
인흥,76.8
송산,73.0
온대,52.0
망월,70.0
큰가산,79.4
달랑골,78.0
윗곡,82.6
죽촌,77.8
양동,64.0
무림,60.4
범학,68.0
산태소류지,67.0
죽림,63.0
상보,73.0
검섬,75.4
생초,70.0
제촌,69.9
월막,68.4
곰네,73.2
둥둥지,73.7
관현(갓고개),98.8
아세,77.0
가산,67.0
고려장,71.0
한개,78.0
묘산소류지,66.0
무수,77.7
내탑,78.6
지땡이,79.0
보경,57.0
당산,63.0
뒤뜰,76.6
동호,67.0
호암,64.2
봉정,78.4
가오,80.2
웅골,83.0
자양소류지,70.5
제동,70.0
황정숲2,67.2
진골,87.6
구룡,82.1
신덕,78.7
어전,72.0
두장,48.0
난대1,75.0
영천,79.0
하회,75.0
덕담,68.4
각곡,48.0
왕산,64.0
텃골,48.2
두암,67.0
성현,79.9
달골,73.4
담을,79.8
아포,75.6
시문1,58.3
말미,69.8
우지곡,72.1
계산,50.0
구평,65.0
정녕1,83.0
부흥,25.0
화정1,75.8
당산,66.0
방어,80.0
명동,77.0
신성,65.4
오촌,100.0
성동,66.0
쌉사리,77.8
신흥,64.3
채곡,76.6
입석,75.9
하치,75.0
연지,82.0
행현,51.0
음촌,79.4
중방곡소류지,69.3
생룡1,72.0
내지곡,48.2
오현,76.8
이천,67.0
올골,79.0
상신,51.0
힌곡,68.0
구월상,78.3
유하2,69.8
영안,78.0
광평,51.0
신월,75.0
천동,66.0
금천,63.0
기곡,0.0
지로,72.0
흑평,75.1
콩밭골,74.7
뇌실,77.0
흥왕,77.8
죽성,0.0
대성,0.0
양피,73.0
화달,69.5
신평,48.9
바바골,5.0
골안,57.5
모덕,58.0
두촌,72.0
화동,93.4
서동,79.9
정천2,78.0
매화촌,68.0
이천,69.1
내율,0.0
황지,75.0
택촌3,78.8
중대,63.5
연화,57.0
안동,70.0
대곡(임고),72.0
지진개,77.0
쌍정소류지,68.4
황골,60.0
가장,76.8
양달,77.1
우거,71.8
문현,74.9
천동,63.0
새정곡,74.6
동막,0.0
토현,70.8
술정,75.0
길가,55.4
노전하,59.3
곤산,70.0
매동,75.6
원당2,68.2
월부,73.7
덕촌,79.2
기와골,76.5
오진얼,76.8
금포,64.8
유령,66.0
어랑,67.0
도정골,73.0
부마,77.1
송배,75.0
상신야,0.0
대평,68.0
파장,66.0
원곡1,75.0
노수골,65.0
통정,66.0
풍송골,78.1
대천,63.0
성덕,75.0
독수골,74.0
고남,0.0
수인,49.1
안일량,62.0
목동,78.9
금천,0.0
후산,75.0
양림2,69.5
막곡,73.4
한천,70.0
음달,79.5
각골1,67.5
덕촌,76.8
소석,75.5
성북,66.0
윤내,73.2
매산1,75.0
대맥이,68.0
마우,58.0
아랫골,68.0
부흥,80.0
병곡,80.0
용소1,56.5
대평2,68.2
양동,74.0
제비,78.0
서당,81.0
가망,80.0
산포1,49.0
신흥2,85.0
방축,77.0
오대,72.3
부근방곡,72.3
앞산,6.0
송내,68.0
가랑골,78.0
영화,60.0
